File,Purpose,Exports Functions,Consumes Functions,API Exposed,Frontend Consumed,Status
core/batch_processor.py,core_logic,"MoleculeRow, ProcessedEntry, BatchResult, _normalise_header, _detect_columns, _count_heterocyclic_rings, read_csv_file, read_txt_file, read_excel_file, read_input_file, _process_one, run_batch, _build_result, process_file, rows_from_smiles_list, convert_file_format","logging, typing, pandas, pathlib, json, time, concurrent.futures, csv, dataclasses",NO,UNKNOWN,CONNECTED
exports/excel/workbook_builder.py,export_logic,"_payload_from_any, build_workbook, build_workbook_bytes","exports.schemas.workbook_models, exports.excel.sheet_renderers, typing, openpyxl, io, exports.excel.styles, exports.schemas.batch_export_schema, __future__, copy",NO,UNKNOWN,CONNECTED
api/schemas/spectra.py,api_schema,"IRBandSchema, IRPredictionResponse, NMRPeakSchema, ProtonNMRResponse, CarbonNMRResponse","__future__, pydantic, typing",NO,UNKNOWN,CONNECTED
exports/exporters/excel_exporter.py,export_logic,ExcelExporter,"typing, exports.schemas.batch_export_schema, __future__, exports.excel.workbook_builder, pathlib",NO,UNKNOWN,CONNECTED
exports/exporters/__init__.py,export_logic,,"exports.exporters.excel_exporter, exports.exporters.json_exporter, exports.exporters.csv_exporter",NO,UNKNOWN,CONNECTED
core/docking_preparation.py,core_logic,"_validate_smiles, prepare_docking_structure","logging, typing, core.openbabel_utils, rdkit, rdkit.Chem, __future__",NO,UNKNOWN,CONNECTED
exports/schemas/batch_export_schema.py,export_logic,"_utc_now, _plain, _as_dict, _as_list, _coalesce, _to_float, _to_int, _to_bool, _computed_ro5_violations, _is_truthy_failure, _record_id, _normalise_counts, _title_from_key, _format_atom_indices, _join_values, _extract_records, BatchExportPayload, _failure_row, _success_sections, _functional_group_rows, _ir_rows, _proton_rows, _carbon_rows, build_batch_export_payload","collections, typing, datetime, json, __future__, math, pathlib, dataclasses",NO,UNKNOWN,CONNECTED
core/descriptor_benchmark.py,core_logic,"DescriptorComparison, DescriptorBenchmarkSummary, compute_rdkit_reference_descriptors, compare_descriptors, benchmark_molecule, benchmark_from_csv, _statistics, benchmark_summary, comparisons_to_rows, summary_to_rows, _autosize_columns, _save_figure, build_plots, export_benchmark_report","typing, openpyxl.drawing.image, core.molecule_utils, openpyxl.utils, openpyxl, rdkit, rdkit.Chem, __future__, statistics, math, core.descriptor_utils, pathlib, dataclasses",NO,UNKNOWN,CONNECTED
spectra/proton_nmr.py,prediction_engine,"ProtonEnvironment, ProtonSignal, LegacyMappingMixin, _legacy_hnmr_label, NMRPrediction, MLShiftModel, _norm_key, _cap_range, _average, predict_from_groups, ProtonNMRPredictor, predictprotonnmr, predict_proton_nmr, predictfromsmiles, predict_from_smiles, predictfromgroups, summary_text, summarytext","logging, collections.abc, typing, re, rdkit, __future__, dataclasses",NO,UNKNOWN,CONNECTED
spectra/functional_group_detector.py,prediction_engine,"FGDefinition, get_registry, register_custom_group, FunctionalGroupDetector, detect_functional_groups","collections, logging, typing, core.molecule_utils, rdkit, core.models, __future__, dataclasses",NO,UNKNOWN,CONNECTED
spectra/ir_predictor.py,prediction_engine,"_BandSpec, _intensity_for, _normalise_key, IRBand, IRPeak, _LegacyMappingMixin, IRPrediction, IRPredictor, predict_ir, predict_from_groups, summary_text","logging, collections.abc, typing, re, spectra.functional_group_detector, os, json, sys, __future__, dataclasses",NO,UNKNOWN,CONNECTED
api/routes/batch.py,api_route,"BatchRequest, BatchResultRow, BatchResponse, _parse_upload, _format_batch_response, process_batch_json, process_batch_upload, process_batch_htmx","logging, api.templating, typing, services, fastapi, fastapi.responses, io, pathlib, json, exports.schemas.batch_export_schema, __future__, pydantic, csv",YES,UNKNOWN,CONNECTED
api/routes/__init__.py,api_route,,"analysis, spectra, batch, export",YES,UNKNOWN,CONNECTED
database/__init__.py,module,,models,NO,UNKNOWN,CONNECTED
api/serializers.py,module,"_safe_dict, serialize_molecule, serialize_descriptors, serialize_functional_groups, serialize_ir, serialize_proton_nmr, serialize_carbon_nmr, serialize_analysis_result","__future__, typing, core.models",NO,UNKNOWN,CONNECTED
core/docking_validation.py,core_logic,"DockingValidationRecord, DockingValidationReport, _ensure_output_format, validate_docking_workflow, _write_rows_to_sheet, export_validation_report, build_markdown_report","logging, typing, core.docking_preparation, core.openbabel_utils, openpyxl, rdkit, time, rdkit.Chem, __future__, math, pathlib, dataclasses",NO,UNKNOWN,CONNECTED
core/logging_utils.py,core_logic,"SupportsLoggingSettings, LoggingConfig, _coerce_level, _should_use_color, _mark_handler, _is_managed_handler, _remove_managed_handlers, _ColorFormatter, _make_formatter, configure_logging, get_logger, set_verbosity","logging, typing, logging.handlers, os, sys, __future__, pathlib, dataclasses",NO,UNKNOWN,CONNECTED
database/models.py,module,"AnalysisResult, BatchJob, create_database_engine, create_session_factory, init_database, configure_database, get_db","sqlalchemy.orm, typing, sqlalchemy.ext.declarative, datetime, sqlalchemy, __future__",NO,UNKNOWN,CONNECTED
exports/__init__.py,export_logic,,exports.schemas.batch_export_schema,NO,UNKNOWN,CONNECTED
exports/excel/sheet_renderers.py,export_logic,"render_sheet, _rows_for_sheet, _metadata_rows","exports.schemas.workbook_models, typing, openpyxl, exports.excel.styles, exports.schemas.batch_export_schema, __future__, exports.excel.formatters",NO,UNKNOWN,CONNECTED
services/analysis_service.py,service_layer,AnalysisService,"logging, typing, core.pipeline, core.models, __future__, pathlib",NO,UNKNOWN,CONNECTED
core/openbabel_utils.py,core_logic,"_check_openbabel, _normalize_format, _read_molecules, _write_molecule, _coerce_molecule_data, convert_format, smiles_to_mol2, smiles_to_pdbqt, mol2_to_smiles, sdf_to_smiles, inchi_to_mol2, _remove_salts_from_molecule, remove_salts, normalize_structure, add_hydrogens, remove_hydrogens, protonate_structure, deprotonate_structure, adjust_ph, generate_3d_coordinates, optimize_geometry","logging, typing, tempfile, __future__, pathlib",NO,UNKNOWN,CONNECTED
exports/exporters/csv_exporter.py,export_logic,CsvExporter,"typing, io, csv, exports.schemas.batch_export_schema, __future__, pathlib",NO,UNKNOWN,CONNECTED
api/schemas/__init__.py,api_schema,,"analysis, batch, export",NO,UNKNOWN,CONNECTED
core/__init__.py,core_logic,"get_pipeline_classes, __getattr__","descriptor_utils, descriptor_benchmark, config, logging_utils, spectra_validation, docking_validation, resolver, molecule_utils, docking_preparation, visualization_utils",NO,UNKNOWN,CONNECTED
services/batch_service.py,service_layer,BatchService,"logging, typing, core.pipeline, exports.exporters, exports.schemas.batch_export_schema, __future__, concurrent.futures, pathlib",NO,UNKNOWN,CONNECTED
api/routes/export.py,api_route,"ExportRequest, _timestamped_name, _media_type, _record_history, _markdown_from_payload, _render_export, _stream_bytes, _download_response, export_results, download_export, export_latest_history_profile, preview_export, export_profiles, export_history, get_supported_formats","database.models, exports.schemas.workbook_models, logging, sqlalchemy.orm, typing, services, asyncio, fastapi, fastapi.responses, datetime, exports.exporters, exports.schemas.batch_export_schema, __future__, services.history_service, pydantic",YES,UNKNOWN,CONNECTED
core/descriptor_utils.py,core_logic,"FunctionalGroupCounts, load_smarts, _count_functional_groups, compute_descriptors, summarise_descriptors, get_heterocycles, summarise_heterocycles, heterocycles_to_records, batch_compute_descriptors","rdkit.Chem, __future__, typing, core.models",NO,UNKNOWN,CONNECTED
api/__init__.py,module,,,NO,UNKNOWN,ISOLATED
spectra/carbon_nmr.py,prediction_engine,"_cap_range, _mean, _safe_mid, LegacyMappingMixin, CarbonEnvironment, _legacy_cnmr_label, CarbonNMRPrediction, MLCarbonShiftModel, summary_text, summarytext, predict_from_groups, CarbonNMRPredictor, predict_from_smiles, predictfromsmiles, predict_carbon_nmr, predictcarbonnmr, predictfromgroups","logging, collections.abc, typing, rdkit, __future__, dataclasses",NO,UNKNOWN,CONNECTED
core/models.py,core_logic,"_convert_value, ModelMixin, MoleculeRecord, DescriptorRecord, FunctionalGroupMatch, FunctionalGroupReport, IRBand, IRPrediction, ProtonSignal, ProtonNMRPrediction, CarbonEnvironment, CarbonNMRPrediction, AnalysisResult","__future__, typing, pathlib, dataclasses",NO,UNKNOWN,CONNECTED
api/routes/analysis.py,api_route,"MoleculeInput, AnalysisRequest, _parse_molecule_input, _run_analysis, analyze_molecule_json, resolve_input, analyse_htmx_handler, get_example_molecules, functional_groups","database.models, api.serializers, logging, core.resolver, sqlalchemy.orm, typing, api.templating, services, fastapi, fastapi.responses, __future__, services.history_service, pydantic, pathlib",YES,UNKNOWN,CONNECTED
exports/excel/__init__.py,export_logic,,exports.excel.workbook_builder,NO,UNKNOWN,CONNECTED
api/routes/history.py,api_route,"list_history, get_history_item, delete_history_item, history_table_partial, delete_history_row","database.models, logging, sqlalchemy.orm, typing, api.templating, fastapi, fastapi.responses, __future__, services.history_service, pathlib",YES,UNKNOWN,CONNECTED
exports/schemas/__init__.py,export_logic,,"exports.schemas.workbook_models, exports.schemas.batch_export_schema",NO,UNKNOWN,CONNECTED
api/app.py,module,"_page_ctx, lifespan, dashboard, analysis_page, batch_page, spectra_page, history_page, exports_page, validation_page, benchmarks_page, docking_page, settings_page, docs_page, analyse_page, health_check","database.models, logging, sqlalchemy.orm, api.templating, contextlib, routes, fastapi, fastapi.responses, routes.analysis, __future__, fastapi.staticfiles, pathlib",NO,UNKNOWN,CONNECTED
api/routes/structure.py,api_route,"_load_mol, structure_png, structure_svg","logging, typing, core.molecule_utils, fastapi, fastapi.responses, __future__, core.visualization_utils",YES,UNKNOWN,CONNECTED
services/spectra_service.py,service_layer,SpectraService,"logging, typing, spectra.proton_nmr, spectra.ir_predictor, spectra.carbon_nmr, __future__",NO,UNKNOWN,CONNECTED
core/config.py,core_logic,"DirectorySettings, LoggingSettings, ImageSettings, ExportSettings, BatchSettings, ChemistryCompanionSettings, get_settings, reset_settings_cache","logging, pydantic_settings, typing, functools, json, __future__, pydantic, pathlib",NO,UNKNOWN,CONNECTED
services/excel_report_service.py,service_layer,export_workbook,"__future__, typing, exports.exporters.excel_exporter",NO,UNKNOWN,CONNECTED
core/molecule_utils.py,core_logic,"MoleculeInput, mol_from_smiles, mol_from_inchi, mol_from_file, mol_from_iupac, count_atoms, is_aromatic, build_record, load_molecule","typing, rdkit, core.models, rdkit.Chem, __future__, pydantic, pathlib",NO,UNKNOWN,CONNECTED
spectra/__init__.py,prediction_engine,,"functional_group_detector, ir_predictor, carbon_nmr, proton_nmr",NO,UNKNOWN,CONNECTED
reports/spectra_report.py,module,"FunctionalGroupAnalysis, SpectraReport, BatchSpectraReport, SpectraReportBuilder, build_spectra_report, build_batch_spectra_reports, export_json_report, export_csv_report, export_markdown_report, _normalise_input, _invoke_predictor, _safe_to_dict, _parse_fg_detection, _parse_batch_item, _short_input_repr, _extract_items, _summarise_ir_items, _summarise_proton_items, _summarise_carbon_items, _markdown_for_section, _empty_report","collections, logging, typing, importlib, pathlib, json, rdkit, __future__, csv, dataclasses",NO,UNKNOWN,CONNECTED
core/dataset_utils.py,core_logic,"DatasetLoadError, _read_tabular, _load_sdf, _canonical_smiles_from_mol, _inchikey_from_smiles, load_molecular_dataset, validate_smiles, standardize_molecule, standardize_dataset, remove_duplicate_molecules, generate_descriptor_table, process_molecular_dataset","logging, typing, pandas, rdkit, rdkit.Chem, __future__, core.descriptor_utils, pathlib",NO,UNKNOWN,CONNECTED
api/templating.py,module,create_templates,"__future__, starlette.templating, jinja2, pathlib",NO,UNKNOWN,CONNECTED
core/pipeline.py,core_logic,"PredictorLike, DetectorLike, ChemistryPipeline, _coerce_fg_report, _safe_filename","core.resolver, logging, typing, spectra.proton_nmr, core.molecule_utils, re, spectra.ir_predictor, spectra.functional_group_detector, reports.export_utils, core.models, spectra.carbon_nmr, __future__, core.visualization_utils, core.descriptor_utils, pathlib",NO,UNKNOWN,CONNECTED
core/spectra_validation.py,core_logic,"predict_ir, predict_proton_nmr, predict_carbon_nmr, SpectraDomainMetrics, SpectraValidationRecord, SpectraValidationReport, _is_mapping, _safe_float, _midpoint_from_range, _peak_midpoint, _normalize_peak_list, _compare_peak_lists, _extract_predicted_peaks, _extract_experimental_peaks, _build_domain_metrics, _get_record_value, validate_spectra_workflow, _write_rows_to_sheet, export_validation_report, build_markdown_report, plot_spectra_validation_report","logging, typing, rdkit, rdkit.Chem, __future__, math, pathlib, dataclasses",NO,UNKNOWN,CONNECTED
services/export_service.py,service_layer,ExportService,"logging, typing, exports.exporters, exports.schemas.batch_export_schema, __future__, pathlib",NO,UNKNOWN,CONNECTED
services/__init__.py,service_layer,,"history_service, export_service, batch_service, analysis_service, spectra_service",NO,UNKNOWN,CONNECTED
services/history_service.py,service_layer,HistoryService,"database.models, sqlalchemy.orm, typing, uuid, datetime, core.models, __future__, api.serializers",NO,UNKNOWN,CONNECTED
api/schemas/analysis.py,api_schema,"MoleculeInput, AnalysisRequest, DescriptorResponse, FunctionalGroupResponse, IRBandResponse, IRPredictionResponse, ProtonSignalResponse, ProtonNMRResponse, CarbonEnvironmentResponse, CarbonNMRResponse, MoleculeResponse, AnalysisResponse","__future__, pydantic, typing",NO,UNKNOWN,CONNECTED
core/spectra_exporter.py,core_logic,"_font, _fill, _border, _center, _left, _hdr, _cell, _metric_bg, _col_widths, _save_fig, _sheet_summary, _sheet_domain, _sheet_per_molecule, _sheet_missing, _sheet_failures, export_xlsx_styled, _collect_pairs, _collect_errors, plot_01_mae_rmse_overview, plot_02_coverage_heatmap, _scatter_domain, plot_03_ir_scatter, plot_04_1h_scatter, plot_05_13c_scatter, plot_06_error_distributions, plot_07_missing_predictions, plot_08_coverage_radar, build_publication_plots, build_markdown_report_enhanced","seaborn, logging, matplotlib, typing, matplotlib.patches, openpyxl.utils, numpy, openpyxl, datetime, json, core.spectra_validation, __future__, openpyxl.styles, math, matplotlib.pyplot, pathlib",NO,UNKNOWN,CONNECTED
exports/excel/styles.py,export_logic,"apply_workbook_properties, style_header_row, style_data_rows, apply_table_features, autosize_columns","openpyxl.utils, openpyxl, datetime, exports.excel.formatters, __future__, openpyxl.styles, openpyxl.worksheet.worksheet",NO,UNKNOWN,CONNECTED
exports/schemas/workbook_models.py,export_logic,"ExportProfile, resolve_profile, list_profiles","__future__, dataclasses",NO,UNKNOWN,CONNECTED
api/routes/validation.py,api_route,run_validation,"fastapi, logging, typing, pathlib",YES,UNKNOWN,CONNECTED
api/routes/docking.py,api_route,generate_docking,"logging, typing, uuid, core.docking_preparation, fastapi, pathlib",YES,UNKNOWN,CONNECTED
exports/exporters/json_exporter.py,export_logic,JsonExporter,"typing, json, exports.schemas.batch_export_schema, __future__, pathlib",NO,UNKNOWN,CONNECTED
core/resolver.py,core_logic,"ResolutionResult, _silence_rdkit_stderr, _looks_like_name, _parse_smiles, _parse_inchi, _guess_openbabel_format, _resolve_via_openbabel, _mol_to_inchi, _inchi_to_inchikey, _enrich_result, _resolve_name_via_pubchem, _resolve_name_via_pubchem_fuzzy, _resolve_name_via_opsin, _resolve_name_via_cactus, _resolve_name_via_iupac2struct, smiles_to_iupac_name, _resolve_name_to_smiles_with_source, resolve_molecule_input, resolve_name_to_smiles","urllib.parse, logging, typing, contextlib, requests, re, core.openbabel_utils, rdkit.Chem.inchi, functools, os, rdkit, pubchempy, __future__, concurrent.futures, dataclasses",NO,UNKNOWN,CONNECTED
core/conversion_utils.py,core_logic,"smiles_to_canonical, smiles_to_inchi, smiles_to_inchikey, smiles_to_molblock, inchi_to_smiles, inchi_to_molblock, mol_to_smiles, mol_to_inchi, mol_to_inchikey, mol_to_molblock, embed_3d, mol_to_xyz, batch_smiles_to_inchi","logging, typing, rdkit.Chem.inchi, rdkit, rdkit.Chem",NO,UNKNOWN,CONNECTED
api/schemas/batch.py,api_schema,"BatchRequest, BatchMoleculeResult, BatchResponse, BatchProgress","__future__, pydantic, typing",NO,UNKNOWN,CONNECTED
api/routes/spectra.py,api_route,"predict_ir, predict_proton_nmr, predict_carbon_nmr","logging, typing, services, core.molecule_utils, fastapi, __future__, schemas.analysis, schemas.spectra",YES,UNKNOWN,CONNECTED
reports/__init__.py,module,,"spectra_report, export_utils",NO,UNKNOWN,CONNECTED
core/visualization_utils.py,core_logic,"RenderingStyle, default_functional_group_smarts, _normalise_group_name, _validate_mol, _prepare_mol_for_drawing, _apply_atom_palette, _apply_style, _substructure_bonds_for_atoms, find_functional_group_matches, get_aromatic_ring_indices, _merge_highlight_data, _resolve_highlights, _final_style, _draw_single_molecule, mol_to_png_bytes, mol_to_svg_string, mol_to_matplotlib_figure, save_2d_image, mol_to_3d_html, _grid_png_to_bytes, mols_to_grid_image","logging, matplotlib.figure, typing, PIL, rdkit.Chem.Draw, io, rdkit, rdkit.Chem, __future__, matplotlib.pyplot, pathlib, dataclasses",NO,UNKNOWN,CONNECTED
api/routes/benchmarks.py,api_route,run_benchmarks,"logging, typing, fastapi, os, time, pathlib",YES,UNKNOWN,CONNECTED
exports/excel/formatters.py,export_logic,"safe_cell_value, display_header, number_format_for","__future__, typing",NO,UNKNOWN,CONNECTED
reports/export_utils.py,module,"mol_row, record_to_dict, build_dataframe, export_csv, _collect_fieldnames, _write_csv, _write_json, _write_xlsx, export_batch","logging, typing, os, json, __future__, csv",NO,UNKNOWN,CONNECTED
api/schemas/export.py,api_schema,"ExportRequest, ExportResponse, ExportPreviewResponse","__future__, pydantic, typing",NO,UNKNOWN,CONNECTED
